{
  "comparison": "v14 MLP 0.60 vs one predeclared MLP 0.50 candidate",
  "annual_2024": {
    "pooled_lgbm": {
      "score": 0.5930008556335397,
      "one_minus_nmae": 0.8690111182109015,
      "ficr": 0.3169905930561778,
      "mean_cf": 31.38052004216761
    },
    "mlp": {
      "score": 0.5864872078582557,
      "one_minus_nmae": 0.8659799916489977,
      "ficr": 0.3069944240675137,
      "mean_cf": 25.666336059570312
    },
    "v14": {
      "score": 0.5953028215061189,
      "one_minus_nmae": 0.8718070567148994,
      "ficr": 0.31879858629733837,
      "mean_cf": 27.952011212333442
    },
    "v15": {
      "score": 0.5964732677678828,
      "one_minus_nmae": 0.8723612740375983,
      "ficr": 0.3205852614981672,
      "mean_cf": 28.523428836459257
    }
  },
  "quarterly": {
    "2023Q3": {
      "v14": 0.5493574246750444,
      "v15": 0.551741417812548,
      "delta": 0.0023839931375035928,
      "one_minus_nmae_delta": 0.0014714656117499336,
      "ficr_delta": 0.003296520663257335
    },
    "2023Q4": {
      "v14": 0.5697405561946158,
      "v15": 0.5681212051950633,
      "delta": -0.0016193509995525712,
      "one_minus_nmae_delta": 0.0004847727158039383,
      "ficr_delta": -0.0037234747149089698
    },
    "2024Q1": {
      "v14": 0.5466008624930573,
      "v15": 0.5489641639133684,
      "delta": 0.002363301420311159,
      "one_minus_nmae_delta": 0.000652106456556778,
      "ficr_delta": 0.004074496384065457
    },
    "2024Q2": {
      "v14": 0.611820310344402,
      "v15": 0.612957697428341,
      "delta": 0.0011373870839390676,
      "one_minus_nmae_delta": 0.0009992062506796184,
      "ficr_delta": 0.0012755679171985723
    },
    "2024Q3": {
      "v14": 0.5664632756340845,
      "v15": 0.5702100484206314,
      "delta": 0.0037467727865468925,
      "one_minus_nmae_delta": 0.0017512132893101606,
      "ficr_delta": 0.005742332283783735
    },
    "2024Q4": {
      "v14": 0.6393490333896878,
      "v15": 0.6451558581563207,
      "delta": 0.0058068247666328565,
      "one_minus_nmae_delta": 0.0008227538960452474,
      "ficr_delta": 0.010790895637220355
    }
  },
  "monthly_holdout": {
    "2024-01": {
      "v14": 0.5409711809660758,
      "v15": 0.5447142796477256,
      "delta": 0.0037430986816497924
    },
    "2024-02": {
      "v14": 0.5274558521699753,
      "v15": 0.5266892319964478,
      "delta": -0.0007666201735274658
    },
    "2024-03": {
      "v14": 0.5636131811922854,
      "v15": 0.5661974021120126,
      "delta": 0.0025842209197272092
    },
    "2024-04": {
      "v14": 0.6205098764749442,
      "v15": 0.6268332233070415,
      "delta": 0.006323346832097343
    },
    "2024-05": {
      "v14": 0.6066250067120142,
      "v15": 0.6076745581547006,
      "delta": 0.0010495514426863695
    },
    "2024-06": {
      "v14": 0.6261939136364648,
      "v15": 0.6251270741230397,
      "delta": -0.0010668395134251218
    },
    "2024-07": {
      "v14": 0.523592581279107,
      "v15": 0.5254796653241605,
      "delta": 0.0018870840450534443
    },
    "2024-08": {
      "v14": 0.6554553395220055,
      "v15": 0.6571095420812966,
      "delta": 0.0016542025592910514
    },
    "2024-09": {
      "v14": 0.6502434962738978,
      "v15": 0.659517383553121,
      "delta": 0.00927388727922318
    },
    "2024-10": {
      "v14": 0.610710604107873,
      "v15": 0.5998716266329777,
      "delta": -0.010838977474895373
    },
    "2024-11": {
      "v14": 0.5778790170101756,
      "v15": 0.5713113116830413,
      "delta": -0.006567705327134354
    },
    "2024-12": {
      "v14": 0.7013910893894577,
      "v15": 0.7034502769392046,
      "delta": 0.002059187549746877
    }
  },
  "decision": {
    "adopt": true,
    "checks": {
      "annual_positive": true,
      "quarter_mean_positive": true,
      "quarter_positive_fraction": true,
      "each_year_positive": true,
      "month_median_positive": true,
      "month_positive_fraction": true
    },
    "annual_delta": 0.00117044626176388,
    "quarter_mean_delta": 0.0023031546992301664,
    "quarter_positive_fraction": 0.8333333333333334,
    "quarter_year_mean_delta": {
      "2023": 0.00038232106897551077,
      "2024": 0.003263571514357494
    },
    "month_median_delta": 0.0017706433021722479,
    "month_positive_fraction": 0.6666666666666666
  }
}
