{
  "comparison": "v13 50% pooled LGBM + 50% specific HistGBM vs pooled LGBM only",
  "annual_2024": {
    "histgbm": {
      "score": 0.5699661238662814,
      "one_minus_nmae": 0.8583453494728963,
      "ficr": 0.2815868982596666,
      "mean_cf": 32.05169857890461
    },
    "pooled_lgbm": {
      "score": 0.5930008556335397,
      "one_minus_nmae": 0.8690111182109015,
      "ficr": 0.3169905930561778,
      "mean_cf": 31.38052004216761
    },
    "v13_branch": {
      "score": 0.5823621870728084,
      "one_minus_nmae": 0.8654467932399776,
      "ficr": 0.2992775809056393,
      "mean_cf": 31.71610931053612
    },
    "pooled_only": {
      "score": 0.5930008556335397,
      "one_minus_nmae": 0.8690111182109015,
      "ficr": 0.3169905930561778,
      "mean_cf": 31.38052004216761
    }
  },
  "quarterly": {
    "2023Q3": {
      "v13_branch": 0.5536916372080737,
      "pooled_only": 0.5533194667887633,
      "delta": -0.0003721704193103692,
      "one_minus_nmae_delta": -0.00023019039477745196,
      "ficr_delta": -0.000514150443843342
    },
    "2023Q4": {
      "v13_branch": 0.5515297078754562,
      "pooled_only": 0.559111786665662,
      "delta": 0.007582078790205782,
      "one_minus_nmae_delta": 0.0021922627628440106,
      "ficr_delta": 0.012971894817567498
    },
    "2024Q1": {
      "v13_branch": 0.5538190390600926,
      "pooled_only": 0.5547126680918169,
      "delta": 0.0008936290317242968,
      "one_minus_nmae_delta": 0.00454500127363433,
      "ficr_delta": -0.002757743210185737
    },
    "2024Q2": {
      "v13_branch": 0.5991263577763983,
      "pooled_only": 0.6118563894163982,
      "delta": 0.012730031639999861,
      "one_minus_nmae_delta": 0.0018748178739619314,
      "ficr_delta": 0.02358524540603779
    },
    "2024Q3": {
      "v13_branch": 0.5704567607323936,
      "pooled_only": 0.5783406577031343,
      "delta": 0.007883896970740656,
      "one_minus_nmae_delta": 0.0010123703311010201,
      "ficr_delta": 0.014755423610380403
    },
    "2024Q4": {
      "v13_branch": 0.633773723799278,
      "pooled_only": 0.6445842549650314,
      "delta": 0.010810531165753368,
      "one_minus_nmae_delta": 0.0010515817723946164,
      "ficr_delta": 0.020569480559111952
    }
  },
  "monthly_holdout": {
    "2024-01": {
      "v13_branch": 0.5571500987443925,
      "pooled_only": 0.5549272973555435,
      "delta": -0.002222801388849005
    },
    "2024-02": {
      "v13_branch": 0.5371009746584199,
      "pooled_only": 0.5342571885054408,
      "delta": -0.0028437861529790887
    },
    "2024-03": {
      "v13_branch": 0.5595259386457619,
      "pooled_only": 0.5659371920334704,
      "delta": 0.0064112533877084266
    },
    "2024-04": {
      "v13_branch": 0.6109217902875929,
      "pooled_only": 0.6206764721948015,
      "delta": 0.009754681907208629
    },
    "2024-05": {
      "v13_branch": 0.5841162665197244,
      "pooled_only": 0.6056131099057661,
      "delta": 0.021496843386041742
    },
    "2024-06": {
      "v13_branch": 0.5927179367095062,
      "pooled_only": 0.6025671392029843,
      "delta": 0.009849202493478093
    },
    "2024-07": {
      "v13_branch": 0.5072709724597502,
      "pooled_only": 0.5198482816926492,
      "delta": 0.012577309232899014
    },
    "2024-08": {
      "v13_branch": 0.6308331895470796,
      "pooled_only": 0.6416669471428307,
      "delta": 0.010833757595751115
    },
    "2024-09": {
      "v13_branch": 0.6860399165729083,
      "pooled_only": 0.6869581422397597,
      "delta": 0.0009182256668514022
    },
    "2024-10": {
      "v13_branch": 0.5748488804977749,
      "pooled_only": 0.5880375778749329,
      "delta": 0.013188697377157999
    },
    "2024-11": {
      "v13_branch": 0.5326117744906202,
      "pooled_only": 0.5578985616655672,
      "delta": 0.025286787174946923
    },
    "2024-12": {
      "v13_branch": 0.6766042908998363,
      "pooled_only": 0.6937831923726967,
      "delta": 0.017178901472860386
    }
  },
  "decision": {
    "adopt": true,
    "checks": {
      "annual_positive": true,
      "quarter_mean_positive": true,
      "quarter_positive_fraction": true,
      "each_year_positive": true,
      "month_median_positive": true,
      "month_positive_fraction": true
    },
    "annual_delta": 0.010638668560731257,
    "quarter_mean_delta": 0.006587999529852266,
    "quarter_positive_fraction": 0.8333333333333334,
    "quarter_year_mean_delta": {
      "2023": 0.0036049541854477063,
      "2024": 0.008079522202054545
    },
    "month_median_delta": 0.010341480044614604,
    "month_positive_fraction": 0.8333333333333334
  }
}
