{
  "recipe": {
    "quantiles": [
      0.1,
      0.2,
      0.30000000000000004,
      0.4,
      0.5,
      0.6000000000000001,
      0.7000000000000001,
      0.8,
      0.9
    ],
    "action_strength": 0.5,
    "action_grid_step_cf": 0.004999999888241291,
    "final_cf_guard": 39.5
  },
  "raw_cv": {
    "2023": {
      "v11_anchor": {
        "groups": {
          "1": {
            "score": 0.5921951103959974,
            "one_minus_nmae": 0.8671653616852418,
            "ficr": 0.31722485910675285,
            "mean_cf": 33.229178507404185
          },
          "2": {
            "score": 0.6391030542707674,
            "one_minus_nmae": 0.8688220759867136,
            "ficr": 0.40938403255482114,
            "mean_cf": 37.90727165835966
          }
        },
        "total": {
          "score": 0.6156490823333823,
          "one_minus_nmae": 0.8679937188359776,
          "ficr": 0.363304445830787
        }
      },
      "v12_utility": {
        "groups": {
          "1": {
            "score": 0.5979890082777006,
            "one_minus_nmae": 0.8680010955412123,
            "ficr": 0.32797692101418896,
            "mean_cf": 34.05261026780768
          },
          "2": {
            "score": 0.6423581715505376,
            "one_minus_nmae": 0.8678365557133376,
            "ficr": 0.4168797873877376,
            "mean_cf": 38.9135581766503
          }
        },
        "total": {
          "score": 0.6201735899141192,
          "one_minus_nmae": 0.867918825627275,
          "ficr": 0.3724283542009633
        }
      }
    },
    "2024": {
      "v11_anchor": {
        "groups": {
          "1": {
            "score": 0.6260720006167279,
            "one_minus_nmae": 0.8840859211242472,
            "ficr": 0.3680580801092085,
            "mean_cf": 31.42678016951922
          },
          "2": {
            "score": 0.6636344890642691,
            "one_minus_nmae": 0.8808234740462016,
            "ficr": 0.4464455040823365,
            "mean_cf": 34.23167450224764
          },
          "3": {
            "score": 0.5877966534384661,
            "one_minus_nmae": 0.870563260664728,
            "ficr": 0.3050300462122042,
            "mean_cf": 28.206636565577018
          }
        },
        "total": {
          "score": 0.625834381039821,
          "one_minus_nmae": 0.8784908852783923,
          "ficr": 0.37317787680124975
        }
      },
      "v12_utility": {
        "groups": {
          "1": {
            "score": 0.6259135497225528,
            "one_minus_nmae": 0.8839196819776548,
            "ficr": 0.3679074174674506,
            "mean_cf": 32.20712441113872
          },
          "2": {
            "score": 0.6630732623138423,
            "one_minus_nmae": 0.8795907835340057,
            "ficr": 0.446555741093679,
            "mean_cf": 35.125463587594254
          },
          "3": {
            "score": 0.596921031155384,
            "one_minus_nmae": 0.8717880300228726,
            "ficr": 0.32205403228789536,
            "mean_cf": 29.29809498602773
          }
        },
        "total": {
          "score": 0.628635947730593,
          "one_minus_nmae": 0.8784328318448443,
          "ficr": 0.3788390636163417
        }
      }
    }
  },
  "post_cv": {
    "2023": {
      "groups": {
        "1": {
          "score": 0.6320191241969487,
          "one_minus_nmae": 0.8699744338542077,
          "ficr": 0.39406381453968975,
          "mean_cf": 37.752886589089194
        },
        "2": {
          "score": 0.6438783719873814,
          "one_minus_nmae": 0.8683413472646335,
          "ficr": 0.4194153967101293,
          "mean_cf": 39.63528701311728
        }
      },
      "total": {
        "score": 0.6379487480921651,
        "one_minus_nmae": 0.8691578905594206,
        "ficr": 0.4067396056249095
      }
    },
    "2024": {
      "groups": {
        "1": {
          "score": 0.6608417904625922,
          "one_minus_nmae": 0.8844558096195411,
          "ficr": 0.4372277713056432,
          "mean_cf": 35.8169628281789
        },
        "2": {
          "score": 0.6651031889288309,
          "one_minus_nmae": 0.880234533543733,
          "ficr": 0.4499718443139287,
          "mean_cf": 35.922954315842375
        },
        "3": {
          "score": 0.596921031155384,
          "one_minus_nmae": 0.8717880300228726,
          "ficr": 0.32205403228789536,
          "mean_cf": 29.29809498602773
        }
      },
      "total": {
        "score": 0.6409553368489357,
        "one_minus_nmae": 0.8788261243953822,
        "ficr": 0.4030845493024891
      }
    }
  },
  "cv_diagnostics": {
    "2023": {
      "1": {
        "mean_action_shift_kwh": 355.72252049430904,
        "mean_abs_action_shift_kwh": 485.53577957973647,
        "mean_adjusted_shift_kwh": 177.86126024715452
      },
      "2": {
        "mean_action_shift_kwh": 434.71577590155135,
        "mean_abs_action_shift_kwh": 569.9462114395994,
        "mean_adjusted_shift_kwh": 217.35788795077565
      }
    },
    "2024": {
      "1": {
        "mean_action_shift_kwh": 337.10871237962414,
        "mean_abs_action_shift_kwh": 444.657784088904,
        "mean_adjusted_shift_kwh": 168.554356189812
      },
      "2": {
        "mean_action_shift_kwh": 386.11688486973566,
        "mean_abs_action_shift_kwh": 492.5353423128282,
        "mean_adjusted_shift_kwh": 193.05844243486777
      },
      "3": {
        "mean_action_shift_kwh": 458.41253658930214,
        "mean_abs_action_shift_kwh": 561.7083342935637,
        "mean_adjusted_shift_kwh": 229.20626829465104
      }
    }
  },
  "nudges": {
    "1": [
      1.05,
      432.0
    ],
    "2": [
      0.98,
      324.0
    ],
    "3": [
      1.0,
      0.0
    ]
  },
  "test_nudge_strengths": {
    "1": 0.6514961322245654,
    "2": 0.007039960930342204,
    "3": 1.0
  },
  "test_diagnostics": {
    "1": {
      "mean_action_shift_kwh": 362.42960223437365,
      "mean_abs_action_shift_kwh": 495.3423587126314,
      "mean_adjusted_shift_kwh": 181.21480111718677
    },
    "2": {
      "mean_action_shift_kwh": 418.10754972030026,
      "mean_abs_action_shift_kwh": 550.9952201537736,
      "mean_adjusted_shift_kwh": 209.0537748601501
    },
    "3": {
      "mean_action_shift_kwh": 365.3918428719045,
      "mean_abs_action_shift_kwh": 488.99290143212573,
      "mean_adjusted_shift_kwh": 182.69592143595222
    }
  },
  "test_mean_cf": {
    "1": 39.49999999999847,
    "2": 39.49999999999957,
    "3": 33.70022487683515
  }
}
