{
  "recipe": {
    "site_neighbors": 4,
    "pca_components_per_source": 3,
    "minimum_annual_delta": 0.0003,
    "minimum_positive_quarter_fraction": 0.6,
    "base_features": 65,
    "site_features": 8,
    "pca_features": 6
  },
  "spatial_metadata": {
    "gfs": {
      "1": {
        "centroid": [
          37.28712685185185,
          128.9520212962963
        ],
        "nonzero_grid_ids": [
          2,
          4,
          5,
          6
        ],
        "weights": [
          0.05019138753194184,
          0.08614367479693937,
          0.8229762509189859,
          0.04068868675213284
        ]
      },
      "2": {
        "centroid": [
          37.28225462962963,
          128.96514768518517
        ],
        "nonzero_grid_ids": [
          2,
          4,
          5,
          6
        ],
        "weights": [
          0.03364278646689423,
          0.05315444692685799,
          0.8826322692842794,
          0.03057049732196849
        ]
      },
      "3": {
        "centroid": [
          37.27519888888889,
          128.97144444444444
        ],
        "nonzero_grid_ids": [
          2,
          4,
          5,
          6
        ],
        "weights": [
          0.02160113078403443,
          0.03471142226696333,
          0.9221322089797057,
          0.02155523796929637
        ]
      }
    },
    "ldaps": {
      "1": {
        "centroid": [
          37.28712685185185,
          128.9520212962963
        ],
        "nonzero_grid_ids": [
          1,
          2,
          5,
          6,
          10,
          11
        ],
        "weights": [
          0.029618954207488245,
          0.038363129038012575,
          0.366587630684942,
          0.38402313907302643,
          0.10233589362539416,
          0.07907125337113662
        ]
      },
      "2": {
        "centroid": [
          37.28225462962963,
          128.96514768518517
        ],
        "nonzero_grid_ids": [
          5,
          6,
          7,
          11,
          12,
          15
        ],
        "weights": [
          0.006950204879488111,
          0.47717915043997006,
          0.09202475801766229,
          0.2754801848103106,
          0.13548025239959505,
          0.012885449452973855
        ]
      },
      "3": {
        "centroid": [
          37.27519888888889,
          128.97144444444444
        ],
        "nonzero_grid_ids": [
          6,
          7,
          11,
          12,
          15,
          16
        ],
        "weights": [
          0.1366356383098417,
          0.058604384202489604,
          0.1645314018660822,
          0.5266206583461425,
          0.024543710535058938,
          0.08906420674038515
        ]
      }
    }
  },
  "annual": {
    "2023": {
      "1": {
        "base": {
          "score": 0.5825130087892723,
          "one_minus_nmae": 0.8649318721999544,
          "ficr": 0.30009414537859014,
          "mean_cf": 35.1995704123789
        },
        "site": {
          "score": 0.5798445029742056,
          "one_minus_nmae": 0.8641594311817892,
          "ficr": 0.2955295747666222,
          "mean_cf": 35.03019988914978
        },
        "pca": {
          "score": 0.582225654022543,
          "one_minus_nmae": 0.8647030637881861,
          "ficr": 0.29974824425689983,
          "mean_cf": 35.074373335568986
        },
        "site_pca": {
          "score": 0.5833712408201568,
          "one_minus_nmae": 0.864898096835851,
          "ficr": 0.30184438480446263,
          "mean_cf": 35.0602911369216
        }
      },
      "2": {
        "base": {
          "score": 0.6328293847027148,
          "one_minus_nmae": 0.8691255440456402,
          "ficr": 0.39653322535978924,
          "mean_cf": 40.02350291870637
        },
        "site": {
          "score": 0.6308380896034174,
          "one_minus_nmae": 0.8685128768204877,
          "ficr": 0.393163302386347,
          "mean_cf": 40.13653322333515
        },
        "pca": {
          "score": 0.6309537666121823,
          "one_minus_nmae": 0.8691343109967884,
          "ficr": 0.39277322222757627,
          "mean_cf": 40.081384711017115
        },
        "site_pca": {
          "score": 0.628232927780435,
          "one_minus_nmae": 0.8686820334960043,
          "ficr": 0.3877838220648659,
          "mean_cf": 40.1444374073374
        }
      }
    },
    "2024": {
      "1": {
        "base": {
          "score": 0.6292288401471602,
          "one_minus_nmae": 0.882913020807449,
          "ficr": 0.3755446594868713,
          "mean_cf": 34.60402768140777
        },
        "site": {
          "score": 0.6289288723848618,
          "one_minus_nmae": 0.883190410333374,
          "ficr": 0.3746673344363497,
          "mean_cf": 34.642085451667505
        },
        "pca": {
          "score": 0.6327606613266056,
          "one_minus_nmae": 0.8833213937029741,
          "ficr": 0.382199928950237,
          "mean_cf": 34.70085284982295
        },
        "site_pca": {
          "score": 0.6288368535176128,
          "one_minus_nmae": 0.8830592698160111,
          "ficr": 0.3746144372192144,
          "mean_cf": 34.75216860160785
        }
      },
      "2": {
        "base": {
          "score": 0.6612894469760513,
          "one_minus_nmae": 0.8794205771151611,
          "ficr": 0.4431583168369414,
          "mean_cf": 37.59047310468478
        },
        "site": {
          "score": 0.6600586063781316,
          "one_minus_nmae": 0.8790792879826795,
          "ficr": 0.4410379247735837,
          "mean_cf": 37.58134253712521
        },
        "pca": {
          "score": 0.6608448655355383,
          "one_minus_nmae": 0.8803040549586404,
          "ficr": 0.4413856761124364,
          "mean_cf": 37.68189240828235
        },
        "site_pca": {
          "score": 0.6590723763687166,
          "one_minus_nmae": 0.8799119742598114,
          "ficr": 0.4382327784776218,
          "mean_cf": 37.58335706956938
        }
      },
      "3": {
        "base": {
          "score": 0.5762199614858,
          "one_minus_nmae": 0.8629893665306907,
          "ficr": 0.2894505564409094,
          "mean_cf": 31.982474656684996
        },
        "site": {
          "score": 0.5758884427521829,
          "one_minus_nmae": 0.8627775104950043,
          "ficr": 0.28899937500936135,
          "mean_cf": 32.01192011146018
        },
        "pca": {
          "score": 0.5781094703828618,
          "one_minus_nmae": 0.8631060271362438,
          "ficr": 0.2931129136294798,
          "mean_cf": 31.71387735138738
        },
        "site_pca": {
          "score": 0.5792795484515562,
          "one_minus_nmae": 0.8629663583439406,
          "ficr": 0.2955927385591716,
          "mean_cf": 31.808982120255816
        },
        "pooled": {
          "score": 0.5930008556335397,
          "one_minus_nmae": 0.8690111182109015,
          "ficr": 0.3169905930561778,
          "mean_cf": 31.38052004216761
        }
      }
    }
  },
  "selected_after_annual": {
    "1": "base",
    "2": "base",
    "3": "pooled"
  },
  "quarterly": {
    "1": {},
    "2": {},
    "3": {
      "2023Q3": {
        "base": 0.5480196500859267,
        "candidate": 0.5533194667887633,
        "delta": 0.005299816702836635,
        "one_minus_nmae_delta": 0.0024845175797333363,
        "ficr_delta": 0.00811511582593999
      },
      "2023Q4": {
        "base": 0.5403710873717379,
        "candidate": 0.559111786665662,
        "delta": 0.01874069929392408,
        "one_minus_nmae_delta": 0.004676880887803381,
        "ficr_delta": 0.03280451770004475
      },
      "2024Q1": {
        "base": 0.5460457665055833,
        "candidate": 0.5547126680918169,
        "delta": 0.00866690158623351,
        "one_minus_nmae_delta": 0.006636538878481146,
        "ficr_delta": 0.010697264293985792
      },
      "2024Q2": {
        "base": 0.5903119068129122,
        "candidate": 0.6118563894163982,
        "delta": 0.02154448260348596,
        "one_minus_nmae_delta": 0.006966765604878966,